<?xml version="1.0" encoding="UTF-8"?>
<beans xmlns="http://www.springframework.org/schema/beans"
	xmlns:xsi="http://www.w3.org/2001/XMLSchema-instance" xmlns:aop="http://www.springframework.org/schema/aop"
	xmlns:context="http://www.springframework.org/schema/context"
	xmlns:jdbc="http://www.springframework.org/schema/jdbc" xmlns:tx="http://www.springframework.org/schema/tx"
	xmlns:jpa="http://www.springframework.org/schema/data/jpa" xmlns:task="http://www.springframework.org/schema/task"
	xmlns:jaxrs="http://cxf.apache.org/jaxrs"
	xsi:schemaLocation="
		http://www.springframework.org/schema/beans http://www.springframework.org/schema/beans/spring-beans.xsd
		http://www.springframework.org/schema/aop http://www.springframework.org/schema/aop/spring-aop.xsd
		http://www.springframework.org/schema/context http://www.springframework.org/schema/context/spring-context.xsd
		http://www.springframework.org/schema/jdbc http://www.springframework.org/schema/jdbc/spring-jdbc.xsd
		http://www.springframework.org/schema/tx http://www.springframework.org/schema/tx/spring-tx.xsd
		http://www.springframework.org/schema/data/jpa 
		http://www.springframework.org/schema/data/jpa/spring-jpa.xsd
		http://cxf.apache.org/jaxrs http://cxf.apache.org/schemas/jaxrs.xsd ">
		
	<jaxrs:server id="promotionService" address="/promotionService">
		<jaxrs:serviceBeans>
			<bean class="cn.itcast.bos.service.take_delivery.impl.PromotionServiceImpl" />
		</jaxrs:serviceBeans>
		<jaxrs:inInterceptors>
			<bean class="org.apache.cxf.interceptor.LoggingInInterceptor"></bean>
		</jaxrs:inInterceptors>
		<jaxrs:outInterceptors>
			<bean class="org.apache.cxf.interceptor.LoggingOutInterceptor"></bean>
		</jaxrs:outInterceptors>
	</jaxrs:server>
	
	<jaxrs:server id="orderService" address="/orderService">
		<jaxrs:serviceBeans>
			<bean class="cn.itcast.bos.service.take_delivery.impl.OrderServiceImpl" />
		</jaxrs:serviceBeans>
		<jaxrs:inInterceptors>
			<bean class="org.apache.cxf.interceptor.LoggingInInterceptor"></bean>
		</jaxrs:inInterceptors>
		<jaxrs:outInterceptors>
			<bean class="org.apache.cxf.interceptor.LoggingOutInterceptor"></bean>
		</jaxrs:outInterceptors>
	</jaxrs:server>
</beans>