<?xml version="1.0" encoding="UTF-8"?>
<beans xmlns="http://www.springframework.org/schema/beans"
	xmlns:xsi="http://www.w3.org/2001/XMLSchema-instance" xmlns:aop="http://www.springframework.org/schema/aop"
	xmlns:context="http://www.springframework.org/schema/context"
	xmlns:jdbc="http://www.springframework.org/schema/jdbc" xmlns:tx="http://www.springframework.org/schema/tx"
	xmlns:jpa="http://www.springframework.org/schema/data/jpa" xmlns:task="http://www.springframework.org/schema/task"
	xmlns:amq="http://activemq.apache.org/schema/core"
	xmlns:jms="http://www.springframework.org/schema/jms"
	xsi:schemaLocation="
		http://www.springframework.org/schema/beans http://www.springframework.org/schema/beans/spring-beans-4.1.xsd
		http://www.springframework.org/schema/aop http://www.springframework.org/schema/aop/spring-aop-4.1.xsd
		http://www.springframework.org/schema/context http://www.springframework.org/schema/context/spring-context-4.1.xsd
		http://www.springframework.org/schema/jdbc http://www.springframework.org/schema/jdbc/spring-jdbc-4.1.xsd
		http://www.springframework.org/schema/tx http://www.springframework.org/schema/tx/spring-tx-4.1.xsd
		http://www.springframework.org/schema/data/jpa 
		http://www.springframework.org/schema/data/jpa/spring-jpa.xsd
		http://www.springframework.org/schema/jms
        http://www.springframework.org/schema/jms/spring-jms.xsd
		http://activemq.apache.org/schema/core
        http://activemq.apache.org/schema/core/activemq-core-5.8.0.xsd ">
	
	<!-- 扫描包 -->
	<context:component-scan base-package="cn.itcast.bos.mq" />
	
	<!-- ActiveMQ 连接工厂 -->
    <!-- 真正可以产生Connection的ConnectionFactory，由对应的 JMS服务厂商提供-->
    <!-- 如果连接网络：tcp://ip:61616；未连接网络：tcp://localhost:61616 以及用户名，密码-->
<!--     <amq:connectionFactory id="amqConnectionFactory"  -->
<!--         brokerURL="tcp://localhost:61616" userName="admin" password="admin"  /> -->
 	
 	<bean id="amqConnectionFactory" 
    	class="org.apache.activemq.ActiveMQConnectionFactory">
    	<property name="brokerURL" value="tcp://localhost:61616"></property>
    	<property name="userName" value="admin"></property>
    	<property name="password" value="admin"></property>
    </bean>
 
 
    <!-- Spring Caching连接工厂 -->
    <!-- Spring用于管理真正的ConnectionFactory的ConnectionFactory -->  
    <bean id="connectionFactory" class="org.springframework.jms.connection.CachingConnectionFactory">
        <!-- 目标ConnectionFactory对应真实的可以产生JMS Connection的ConnectionFactory -->  
        <property name="targetConnectionFactory" ref="amqConnectionFactory"></property>
        <!-- 同上，同理 -->
        <!-- <constructor-arg ref="amqConnectionFactory" /> -->
        <!-- Session缓存数量 -->
        <property name="sessionCacheSize" value="100" />
    </bean>
    
     <!-- 消息消费者 start-->

    <!-- 定义Queue监听器 -->
    <jms:listener-container destination-type="queue" container-type="default" 
    	connection-factory="connectionFactory" acknowledge="auto">
        <!-- 默认注册bean名称，应该是类名首字母小写  -->
        <jms:listener destination="bos_sms" ref="smsConsumer"/>
    </jms:listener-container>
    
    <!-- 定义Topic监听器 -->
<!--     <jms:listener-container destination-type="topic" container-type="default"  -->
<!--     	connection-factory="connectionFactory" acknowledge="auto"> -->
<!--         <jms:listener destination="spring_topic" ref="topicConsumer1"/> -->
<!--         <jms:listener destination="spring_topic" ref="topicConsumer2"/> -->
<!--     </jms:listener-container> -->

    <!-- 消息消费者 end -->
    
    
</beans>