<?xml version="1.0" encoding="UTF-8"?>
<beans xmlns="http://www.springframework.org/schema/beans"
	xmlns:xsi="http://www.w3.org/2001/XMLSchema-instance" xmlns:context="http://www.springframework.org/schema/context"
	xmlns:aop="http://www.springframework.org/schema/aop" xmlns:tx="http://www.springframework.org/schema/tx"
	xmlns:p="http://www.springframework.org/schema/p"
	xmlns:jpa="http://www.springframework.org/schema/data/jpa" xmlns:jaxws="http://cxf.apache.org/jaxws"
	xmlns:cache="http://www.springframework.org/schema/cache"
	xsi:schemaLocation="http://www.springframework.org/schema/beans 
	http://www.springframework.org/schema/beans/spring-beans.xsd
	http://www.springframework.org/schema/context
	http://www.springframework.org/schema/context/spring-context.xsd
	http://www.springframework.org/schema/aop
	http://www.springframework.org/schema/aop/spring-aop.xsd
	http://www.springframework.org/schema/tx 
	http://www.springframework.org/schema/tx/spring-tx.xsd
	http://www.springframework.org/schema/data/jpa
	http://www.springframework.org/schema/data/jpa/spring-jpa.xsd
	http://cxf.apache.org/jaxws
	http://cxf.apache.org/schemas/jaxws.xsd
	http://www.springframework.org/schema/cache
	http://www.springframework.org/schema/cache/spring-cache.xsd">
	
	<!-- jedis 连接池配置 -->
	 <bean id="poolConfig" class="redis.clients.jedis.JedisPoolConfig">  
        <property name="maxIdle" value="300" />        
        <property name="maxWaitMillis" value="3000" />  
        <property name="testOnBorrow" value="true" />  
    </bean>  
	
	<!-- jedis 连接工厂 -->
	<bean id="redisConnectionFactory"  
        class="org.springframework.data.redis.connection.jedis.JedisConnectionFactory"  
        p:host-name="localhost" p:port="6379" p:pool-config-ref="poolConfig"  
        p:database="0" />  
        
    <!-- spring data 提供 redis模板  -->
    <bean id="redisTemplate" class="org.springframework.data.redis.core.RedisTemplate">  
        <property name="connectionFactory" ref="redisConnectionFactory" /> 
        <!-- 如果不指定 Serializer   -->
        <property name="keySerializer">
            <bean class="org.springframework.data.redis.serializer.StringRedisSerializer" />
        </property>
        <property name="valueSerializer">
        	<bean class="org.springframework.data.redis.serializer.StringRedisSerializer"> 
        	</bean>
        </property> 
    </bean>  
	
	
</beans>
