<?xml version="1.0" encoding="UTF-8"?>
<beans xmlns="http://www.springframework.org/schema/beans"
	xmlns:xsi="http://www.w3.org/2001/XMLSchema-instance" xmlns:aop="http://www.springframework.org/schema/aop"
	xmlns:context="http://www.springframework.org/schema/context"
	xmlns:jdbc="http://www.springframework.org/schema/jdbc" xmlns:tx="http://www.springframework.org/schema/tx"
	xmlns:jpa="http://www.springframework.org/schema/data/jpa" xmlns:task="http://www.springframework.org/schema/task"
	xmlns:amq="http://activemq.apache.org/schema/core"
	xmlns:jms="http://www.springframework.org/schema/jms"
	xsi:schemaLocation="
		http://www.springframework.org/schema/beans http://www.springframework.org/schema/beans/spring-beans-4.1.xsd
		http://www.springframework.org/schema/aop http://www.springframework.org/schema/aop/spring-aop-4.1.xsd
		http://www.springframework.org/schema/context http://www.springframework.org/schema/context/spring-context-4.1.xsd
		http://www.springframework.org/schema/jdbc http://www.springframework.org/schema/jdbc/spring-jdbc-4.1.xsd
		http://www.springframework.org/schema/tx http://www.springframework.org/schema/tx/spring-tx-4.1.xsd
		http://www.springframework.org/schema/data/jpa 
		http://www.springframework.org/schema/data/jpa/spring-jpa.xsd
		http://www.springframework.org/schema/jms
        http://www.springframework.org/schema/jms/spring-jms.xsd
		http://activemq.apache.org/schema/core
        http://activemq.apache.org/schema/core/activemq-core-5.8.0.xsd ">
	
	<!-- ActiveMQ 连接工厂 -->
    <!-- 真正可以产生Connection的ConnectionFactory，由对应的 JMS服务厂商提供-->
    <!-- 如果连接网络：tcp://ip:61616；未连接网络：tcp://localhost:61616 以及用户名，密码-->
<!--     <amq:connectionFactory id="amqConnectionFactory" -->
<!--         brokerURL="tcp://localhost:61616" userName="admin" password="admin" />  -->
 
 	<bean id="amqConnectionFactory" 
    	class="org.apache.activemq.ActiveMQConnectionFactory">
    	<property name="brokerURL" value="tcp://localhost:61616"></property>
    	<property name="userName" value="admin"></property>
    	<property name="password" value="admin"></property>
    </bean>
 
    <!-- Spring Caching连接工厂 -->
    <!-- Spring用于管理真正的ConnectionFactory的ConnectionFactory -->  
    <bean id="mqConnectionFactory" class="org.springframework.jms.connection.CachingConnectionFactory">
        <!-- 目标ConnectionFactory对应真实的可以产生JMS Connection的ConnectionFactory -->  
        <property name="targetConnectionFactory" ref="amqConnectionFactory"></property>
        <!-- 同上，同理 -->
        <!-- <constructor-arg ref="amqConnectionFactory" /> -->
        <!-- Session缓存数量 -->
        <property name="sessionCacheSize" value="100" />
    </bean>
    
     <!-- Spring JmsTemplate 的消息生产者 start-->

    <!-- 定义JmsTemplate的Queue类型 -->
    <bean id="jmsQueueTemplate" class="org.springframework.jms.core.JmsTemplate">
        <!-- 这个connectionFactory对应的是我们定义的Spring提供的那个ConnectionFactory对象 -->  
        <constructor-arg ref="mqConnectionFactory" />
        <!-- 非pub/sub模型（发布/订阅），即队列模式 -->
        <property name="pubSubDomain" value="false" />
    </bean>

    <!-- 定义JmsTemplate的Topic类型 -->
    <bean id="jmsTopicTemplate" class="org.springframework.jms.core.JmsTemplate">
         <!-- 这个connectionFactory对应的是我们定义的Spring提供的那个ConnectionFactory对象 -->  
        <constructor-arg ref="mqConnectionFactory" />
        <!-- pub/sub模型（发布/订阅） -->
        <property name="pubSubDomain" value="true" />
    </bean>

    <!--Spring JmsTemplate 的消息生产者 end-->
    
    
</beans>